producto_id,bodega_id,nombre,categoria,precio_cop,stock,unidad,imagen_url,puntos_base,activo
PRD_BOD_001_0001,BOD_001,Detergente en polvo 1kg,ASEO,12000,150,unidad,,12,TRUE
PRD_BOD_001_0002,BOD_001,Jabón Rey 300g,ASEO,2800,500,unidad,,3,TRUE
PRD_BOD_001_0003,BOD_001,Cloro 1L,ASEO,3500,240,unidad,,4,TRUE
PRD_BOD_001_0004,BOD_001,Desinfectante 1L,ASEO,7800,120,unidad,,8,TRUE
PRD_BOD_001_0005,BOD_001,Esponja multiusos,ASEO,1500,300,unidad,,2,TRUE
PRD_BOD_001_0006,BOD_001,Crema lavaplatos 500ml,ASEO,6200,140,unidad,,6,TRUE
PRD_BOD_001_0007,BOD_001,Bolsa basura (paq 10),ASEO,4200,180,paquete,,5,TRUE
PRD_BOD_001_0008,BOD_001,Ambientador spray,ASEO,9000,80,unidad,,9,TRUE
PRD_BOD_001_0009,BOD_001,Papel higiénico x4,ASEO,7500,160,paquete,,7,TRUE
PRD_BOD_001_0010,BOD_001,Jabón líquido 500ml,ASEO,9800,90,unidad,,10,TRUE
PRD_BOD_001_0011,BOD_001,Detergente en polvo 1kg,ASEO,12000,150,unidad,,12,TRUE
PRD_BOD_001_0012,BOD_001,Jabón Rey 300g,ASEO,2800,500,unidad,,3,TRUE
PRD_BOD_001_0013,BOD_001,Cloro 1L,ASEO,3500,240,unidad,,4,TRUE
PRD_BOD_001_0014,BOD_001,Desinfectante 1L,ASEO,7800,120,unidad,,8,TRUE
PRD_BOD_001_0015,BOD_001,Esponja multiusos,ASEO,1500,300,unidad,,2,TRUE
PRD_BOD_001_0016,BOD_001,Crema lavaplatos 500ml,ASEO,6200,140,unidad,,6,TRUE
PRD_BOD_001_0017,BOD_001,Bolsa basura (paq 10),ASEO,4200,180,paquete,,5,TRUE
PRD_BOD_001_0018,BOD_001,Ambientador spray,ASEO,9000,80,unidad,,9,TRUE
PRD_BOD_001_0019,BOD_001,Papel higiénico x4,ASEO,7500,160,paquete,,7,TRUE
PRD_BOD_001_0020,BOD_001,Jabón líquido 500ml,ASEO,9800,90,unidad,,10,TRUE
PRD_BOD_001_0021,BOD_001,Detergente en polvo 1kg,ASEO,12000,150,unidad,,12,TRUE
PRD_BOD_001_0022,BOD_001,Jabón Rey 300g,ASEO,2800,500,unidad,,3,TRUE
PRD_BOD_001_0023,BOD_001,Cloro 1L,ASEO,3500,240,unidad,,4,TRUE
PRD_BOD_001_0024,BOD_001,Desinfectante 1L,ASEO,7800,120,unidad,,8,TRUE
PRD_BOD_001_0025,BOD_001,Esponja multiusos,ASEO,1500,300,unidad,,2,TRUE
PRD_BOD_001_0026,BOD_001,Crema lavaplatos 500ml,ASEO,6200,140,unidad,,6,TRUE
PRD_BOD_001_0027,BOD_001,Bolsa basura (paq 10),ASEO,4200,180,paquete,,5,TRUE
PRD_BOD_001_0028,BOD_001,Ambientador spray,ASEO,9000,80,unidad,,9,TRUE
PRD_BOD_001_0029,BOD_001,Papel higiénico x4,ASEO,7500,160,paquete,,7,TRUE
PRD_BOD_001_0030,BOD_001,Jabón líquido 500ml,ASEO,9800,90,unidad,,10,TRUE
PRD_BOD_001_0031,BOD_001,Detergente en polvo 1kg,ASEO,12000,150,unidad,,12,TRUE
PRD_BOD_001_0032,BOD_001,Jabón Rey 300g,ASEO,2800,500,unidad,,3,TRUE
PRD_BOD_001_0033,BOD_001,Cloro 1L,ASEO,3500,240,unidad,,4,TRUE
PRD_BOD_001_0034,BOD_001,Desinfectante 1L,ASEO,7800,120,unidad,,8,TRUE
PRD_BOD_001_0035,BOD_001,Esponja multiusos,ASEO,1500,300,unidad,,2,TRUE
PRD_BOD_001_0036,BOD_001,Crema lavaplatos 500ml,ASEO,6200,140,unidad,,6,TRUE
PRD_BOD_001_0037,BOD_001,Bolsa basura (paq 10),ASEO,4200,180,paquete,,5,TRUE
PRD_BOD_001_0038,BOD_001,Ambientador spray,ASEO,9000,80,unidad,,9,TRUE
PRD_BOD_001_0039,BOD_001,Papel higiénico x4,ASEO,7500,160,paquete,,7,TRUE
PRD_BOD_001_0040,BOD_001,Jabón líquido 500ml,ASEO,9800,90,unidad,,10,TRUE
PRD_BOD_001_0041,BOD_001,Detergente en polvo 1kg,ASEO,12000,150,unidad,,12,TRUE
PRD_BOD_001_0042,BOD_001,Jabón Rey 300g,ASEO,2800,500,unidad,,3,TRUE
PRD_BOD_001_0043,BOD_001,Cloro 1L,ASEO,3500,240,unidad,,4,TRUE
PRD_BOD_001_0044,BOD_001,Desinfectante 1L,ASEO,7800,120,unidad,,8,TRUE
PRD_BOD_001_0045,BOD_001,Esponja multiusos,ASEO,1500,300,unidad,,2,TRUE
PRD_BOD_001_0046,BOD_001,Crema lavaplatos 500ml,ASEO,6200,140,unidad,,6,TRUE
PRD_BOD_001_0047,BOD_001,Bolsa basura (paq 10),ASEO,4200,180,paquete,,5,TRUE
PRD_BOD_001_0048,BOD_001,Ambientador spray,ASEO,9000,80,unidad,,9,TRUE
PRD_BOD_002_0049,BOD_002,Papel higiénico x4,ASEO,7500,160,paquete,,7,TRUE
PRD_BOD_002_0050,BOD_002,Detergente en polvo 1kg,ASEO,12000,150,unidad,,12,TRUE
PRD_BOD_002_0051,BOD_002,Jabón Rey 300g,ASEO,2800,500,unidad,,3,TRUE
PRD_BOD_002_0052,BOD_002,Cloro 1L,ASEO,3500,240,unidad,,4,TRUE
PRD_BOD_002_0053,BOD_002,Desinfectante 1L,ASEO,7800,120,unidad,,8,TRUE
PRD_BOD_002_0054,BOD_002,Esponja multiusos,ASEO,1500,300,unidad,,2,TRUE
PRD_BOD_002_0055,BOD_002,Crema lavaplatos 500ml,ASEO,6200,140,unidad,,6,TRUE
PRD_BOD_002_0056,BOD_002,Bolsa basura (paq 10),ASEO,4200,180,paquete,,5,TRUE
PRD_BOD_002_0057,BOD_002,Ambientador spray,ASEO,9000,80,unidad,,9,TRUE
PRD_BOD_002_0058,BOD_002,Papel higiénico x4,ASEO,7500,160,paquete,,7,TRUE
PRD_BOD_002_0059,BOD_002,Jabón líquido 500ml,ASEO,9800,90,unidad,,10,TRUE
PRD_BOD_002_0060,BOD_002,Detergente en polvo 1kg,ASEO,12000,150,unidad,,12,TRUE
PRD_BOD_002_0061,BOD_002,Jabón Rey 300g,ASEO,2800,500,unidad,,3,TRUE
PRD_BOD_002_0062,BOD_002,Cloro 1L,ASEO,3500,240,unidad,,4,TRUE
PRD_BOD_002_0063,BOD_002,Desinfectante 1L,ASEO,7800,120,unidad,,8,TRUE
PRD_BOD_002_0064,BOD_002,Esponja multiusos,ASEO,1500,300,unidad,,2,TRUE
PRD_BOD_002_0065,BOD_002,Crema lavaplatos 500ml,ASEO,6200,140,unidad,,6,TRUE
PRD_BOD_002_0066,BOD_002,Bolsa basura (paq 10),ASEO,4200,180,paquete,,5,TRUE
PRD_BOD_002_0067,BOD_002,Ambientador spray,ASEO,9000,80,unidad,,9,TRUE
PRD_BOD_002_0068,BOD_002,Papel higiénico x4,ASEO,7500,160,paquete,,7,TRUE
PRD_BOD_002_0069,BOD_002,Jabón líquido 500ml,ASEO,9800,90,unidad,,10,TRUE
PRD_BOD_002_0070,BOD_002,Detergente en polvo 1kg,ASEO,12000,150,unidad,,12,TRUE
PRD_BOD_002_0071,BOD_002,Jabón Rey 300g,ASEO,2800,500,unidad,,3,TRUE
PRD_BOD_002_0072,BOD_002,Cloro 1L,ASEO,3500,240,unidad,,4,TRUE
PRD_BOD_002_0073,BOD_002,Desinfectante 1L,ASEO,7800,120,unidad,,8,TRUE
PRD_BOD_002_0074,BOD_002,Esponja multiusos,ASEO,1500,300,unidad,,2,TRUE
PRD_BOD_002_0075,BOD_002,Crema lavaplatos 500ml,ASEO,6200,140,unidad,,6,TRUE
PRD_BOD_002_0076,BOD_002,Bolsa basura (paq 10),ASEO,4200,180,paquete,,5,TRUE
PRD_BOD_002_0077,BOD_002,Ambientador spray,ASEO,9000,80,unidad,,9,TRUE
PRD_BOD_002_0078,BOD_002,Papel higiénico x4,ASEO,7500,160,paquete,,7,TRUE
PRD_BOD_002_0079,BOD_002,Jabón líquido 500ml,ASEO,9800,90,unidad,,10,TRUE
PRD_BOD_002_0080,BOD_002,Detergente en polvo 1kg,ASEO,12000,150,unidad,,12,TRUE
PRD_BOD_002_0081,BOD_002,Jabón Rey 300g,ASEO,2800,500,unidad,,3,TRUE
PRD_BOD_002_0082,BOD_002,Cloro 1L,ASEO,3500,240,unidad,,4,TRUE
PRD_BOD_002_0083,BOD_002,Desinfectante 1L,ASEO,7800,120,unidad,,8,TRUE
PRD_BOD_002_0084,BOD_002,Esponja multiusos,ASEO,1500,300,unidad,,2,TRUE
PRD_BOD_002_0085,BOD_002,Crema lavaplatos 500ml,ASEO,6200,140,unidad,,6,TRUE
PRD_BOD_002_0086,BOD_002,Bolsa basura (paq 10),ASEO,4200,180,paquete,,5,TRUE
PRD_BOD_002_0087,BOD_002,Ambientador spray,ASEO,9000,80,unidad,,9,TRUE
PRD_BOD_002_0088,BOD_002,Papel higiénico x4,ASEO,7500,160,paquete,,7,TRUE
PRD_BOD_002_0089,BOD_002,Jabón líquido 500ml,ASEO,9800,90,unidad,,10,TRUE
PRD_BOD_002_0090,BOD_002,Detergente en polvo 1kg,ASEO,12000,150,unidad,,12,TRUE
PRD_BOD_002_0091,BOD_002,Jabón Rey 300g,ASEO,2800,500,unidad,,3,TRUE
PRD_BOD_002_0092,BOD_002,Cloro 1L,ASEO,3500,240,unidad,,4,TRUE
PRD_BOD_002_0093,BOD_002,Desinfectante 1L,ASEO,7800,120,unidad,,8,TRUE
PRD_BOD_002_0094,BOD_002,Esponja multiusos,ASEO,1500,300,unidad,,2,TRUE
PRD_BOD_002_0095,BOD_002,Crema lavaplatos 500ml,ASEO,6200,140,unidad,,6,TRUE
PRD_BOD_002_0096,BOD_002,Bolsa basura (paq 10),ASEO,4200,180,paquete,,5,TRUE
PRD_BOD_002_0097,BOD_002,Ambientador spray,ASEO,9000,80,unidad,,9,TRUE
PRD_BOD_002_0098,BOD_002,Papel higiénico x4,ASEO,7500,160,paquete,,7,TRUE
PRD_BOD_003_0099,BOD_003,Detergente en polvo 1kg,ASEO,12000,150,unidad,,12,TRUE
PRD_BOD_003_0100,BOD_003,Jabón Rey 300g,ASEO,2800,500,unidad,,3,TRUE
PRD_BOD_003_0101,BOD_003,Cloro 1L,ASEO,3500,240,unidad,,4,TRUE
PRD_BOD_003_0102,BOD_003,Desinfectante 1L,ASEO,7800,120,unidad,,8,TRUE
PRD_BOD_003_0103,BOD_003,Esponja multiusos,ASEO,1500,300,unidad,,2,TRUE
PRD_BOD_003_0104,BOD_003,Crema lavaplatos 500ml,ASEO,6200,140,unidad,,6,TRUE
PRD_BOD_003_0105,BOD_003,Bolsa basura (paq 10),ASEO,4200,180,paquete,,5,TRUE
PRD_BOD_003_0106,BOD_003,Ambientador spray,ASEO,9000,80,unidad,,9,TRUE
PRD_BOD_003_0107,BOD_003,Papel higiénico x4,ASEO,7500,160,paquete,,7,TRUE
PRD_BOD_003_0108,BOD_003,Jabón líquido 500ml,ASEO,9800,90,unidad,,10,TRUE
PRD_BOD_003_0109,BOD_003,Detergente en polvo 1kg,ASEO,12000,150,unidad,,12,TRUE
PRD_BOD_003_0110,BOD_003,Jabón Rey 300g,ASEO,2800,500,unidad,,3,TRUE
PRD_BOD_003_0111,BOD_003,Cloro 1L,ASEO,3500,240,unidad,,4,TRUE
PRD_BOD_003_0112,BOD_003,Desinfectante 1L,ASEO,7800,120,unidad,,8,TRUE
PRD_BOD_003_0113,BOD_003,Esponja multiusos,ASEO,1500,300,unidad,,2,TRUE
PRD_BOD_003_0114,BOD_003,Crema lavaplatos 500ml,ASEO,6200,140,unidad,,6,TRUE
PRD_BOD_003_0115,BOD_003,Bolsa basura (paq 10),ASEO,4200,180,paquete,,5,TRUE
PRD_BOD_003_0116,BOD_003,Ambientador spray,ASEO,9000,80,unidad,,9,TRUE
PRD_BOD_003_0117,BOD_003,Papel higiénico x4,ASEO,7500,160,paquete,,7,TRUE
PRD_BOD_003_0118,BOD_003,Jabón líquido 500ml,ASEO,9800,90,unidad,,10,TRUE
PRD_BOD_003_0119,BOD_003,Detergente en polvo 1kg,ASEO,12000,150,unidad,,12,TRUE
PRD_BOD_003_0120,BOD_003,Jabón Rey 300g,ASEO,2800,500,unidad,,3,TRUE
PRD_BOD_003_0121,BOD_003,Cloro 1L,ASEO,3500,240,unidad,,4,TRUE
PRD_BOD_003_0122,BOD_003,Desinfectante 1L,ASEO,7800,120,unidad,,8,TRUE
PRD_BOD_003_0123,BOD_003,Esponja multiusos,ASEO,1500,300,unidad,,2,TRUE
PRD_BOD_003_0124,BOD_003,Crema lavaplatos 500ml,ASEO,6200,140,unidad,,6,TRUE
PRD_BOD_003_0125,BOD_003,Bolsa basura (paq 10),ASEO,4200,180,paquete,,5,TRUE
PRD_BOD_003_0126,BOD_003,Ambientador spray,ASEO,9000,80,unidad,,9,TRUE
PRD_BOD_003_0127,BOD_003,Papel higiénico x4,ASEO,7500,160,paquete,,7,TRUE
PRD_BOD_003_0128,BOD_003,Jabón líquido 500ml,ASEO,9800,90,unidad,,10,TRUE
PRD_BOD_003_0129,BOD_003,Detergente en polvo 1kg,ASEO,12000,150,unidad,,12,TRUE
PRD_BOD_003_0130,BOD_003,Jabón Rey 300g,ASEO,2800,500,unidad,,3,TRUE
PRD_BOD_003_0131,BOD_003,Cloro 1L,ASEO,3500,240,unidad,,4,TRUE
PRD_BOD_003_0132,BOD_003,Desinfectante 1L,ASEO,7800,120,unidad,,8,TRUE
PRD_BOD_003_0133,BOD_003,Esponja multiusos,ASEO,1500,300,unidad,,2,TRUE
PRD_BOD_003_0134,BOD_003,Crema lavaplatos 500ml,ASEO,6200,140,unidad,,6,TRUE
PRD_BOD_003_0135,BOD_003,Bolsa basura (paq 10),ASEO,4200,180,paquete,,5,TRUE
PRD_BOD_003_0136,BOD_003,Ambientador spray,ASEO,9000,80,unidad,,9,TRUE
PRD_BOD_003_0137,BOD_003,Papel higiénico x4,ASEO,7500,160,paquete,,7,TRUE
PRD_BOD_003_0138,BOD_003,Jabón líquido 500ml,ASEO,9800,90,unidad,,10,TRUE
PRD_BOD_003_0139,BOD_003,Detergente en polvo 1kg,ASEO,12000,150,unidad,,12,TRUE
PRD_BOD_003_0140,BOD_003,Jabón Rey 300g,ASEO,2800,500,unidad,,3,TRUE
PRD_BOD_003_0141,BOD_003,Cloro 1L,ASEO,3500,240,unidad,,4,TRUE
PRD_BOD_003_0142,BOD_003,Desinfectante 1L,ASEO,7800,120,unidad,,8,TRUE
PRD_BOD_003_0143,BOD_003,Esponja multiusos,ASEO,1500,300,unidad,,2,TRUE
PRD_BOD_003_0144,BOD_003,Crema lavaplatos 500ml,ASEO,6200,140,unidad,,6,TRUE
PRD_BOD_003_0145,BOD_003,Bolsa basura (paq 10),ASEO,4200,180,paquete,,5,TRUE
PRD_BOD_003_0146,BOD_003,Ambientador spray,ASEO,9000,80,unidad,,9,TRUE
PRD_BOD_003_0147,BOD_003,Papel higiénico x4,ASEO,7500,160,paquete,,7,TRUE
PRD_BOD_004_0148,BOD_004,Jabón Rey 300g,ASEO,2800,500,unidad,,3,TRUE
PRD_BOD_004_0149,BOD_004,Cloro 1L,ASEO,3500,240,unidad,,4,TRUE
PRD_BOD_004_0150,BOD_004,Desinfectante 1L,ASEO,7800,120,unidad,,8,TRUE
PRD_BOD_004_0151,BOD_004,Esponja multiusos,ASEO,1500,300,unidad,,2,TRUE
PRD_BOD_004_0152,BOD_004,Crema lavaplatos 500ml,ASEO,6200,140,unidad,,6,TRUE
PRD_BOD_004_0153,BOD_004,Bolsa basura (paq 10),ASEO,4200,180,paquete,,5,TRUE
PRD_BOD_004_0154,BOD_004,Ambientador spray,ASEO,9000,80,unidad,,9,TRUE
PRD_BOD_004_0155,BOD_004,Papel higiénico x4,ASEO,7500,160,paquete,,7,TRUE
PRD_BOD_004_0156,BOD_004,Jabón líquido 500ml,ASEO,9800,90,unidad,,10,TRUE
PRD_BOD_004_0157,BOD_004,Detergente en polvo 1kg,ASEO,12000,150,unidad,,12,TRUE
PRD_BOD_004_0158,BOD_004,Jabón Rey 300g,ASEO,2800,500,unidad,,3,TRUE
PRD_BOD_004_0159,BOD_004,Cloro 1L,ASEO,3500,240,unidad,,4,TRUE
PRD_BOD_004_0160,BOD_004,Desinfectante 1L,ASEO,7800,120,unidad,,8,TRUE
PRD_BOD_004_0161,BOD_004,Esponja multiusos,ASEO,1500,300,unidad,,2,TRUE
PRD_BOD_004_0162,BOD_004,Crema lavaplatos 500ml,ASEO,6200,140,unidad,,6,TRUE
PRD_BOD_004_0163,BOD_004,Bolsa basura (paq 10),ASEO,4200,180,paquete,,5,TRUE
PRD_BOD_004_0164,BOD_004,Ambientador spray,ASEO,9000,80,unidad,,9,TRUE
PRD_BOD_004_0165,BOD_004,Papel higiénico x4,ASEO,7500,160,paquete,,7,TRUE
PRD_BOD_004_0166,BOD_004,Jabón líquido 500ml,ASEO,9800,90,unidad,,10,TRUE
PRD_BOD_004_0167,BOD_004,Detergente en polvo 1kg,ASEO,12000,150,unidad,,12,TRUE
PRD_BOD_004_0168,BOD_004,Jabón Rey 300g,ASEO,2800,500,unidad,,3,TRUE
PRD_BOD_004_0169,BOD_004,Cloro 1L,ASEO,3500,240,unidad,,4,TRUE
PRD_BOD_004_0170,BOD_004,Desinfectante 1L,ASEO,7800,120,unidad,,8,TRUE
PRD_BOD_004_0171,BOD_004,Esponja multiusos,ASEO,1500,300,unidad,,2,TRUE
PRD_BOD_004_0172,BOD_004,Crema lavaplatos 500ml,ASEO,6200,140,unidad,,6,TRUE
PRD_BOD_004_0173,BOD_004,Bolsa basura (paq 10),ASEO,4200,180,paquete,,5,TRUE
PRD_BOD_004_0174,BOD_004,Ambientador spray,ASEO,9000,80,unidad,,9,TRUE
PRD_BOD_004_0175,BOD_004,Papel higiénico x4,ASEO,7500,160,paquete,,7,TRUE
PRD_BOD_004_0176,BOD_004,Jabón líquido 500ml,ASEO,9800,90,unidad,,10,TRUE
PRD_BOD_004_0177,BOD_004,Detergente en polvo 1kg,ASEO,12000,150,unidad,,12,TRUE
PRD_BOD_004_0178,BOD_004,Jabón Rey 300g,ASEO,2800,500,unidad,,3,TRUE
PRD_BOD_004_0179,BOD_004,Cloro 1L,ASEO,3500,240,unidad,,4,TRUE
PRD_BOD_004_0180,BOD_004,Desinfectante 1L,ASEO,7800,120,unidad,,8,TRUE
PRD_BOD_004_0181,BOD_004,Esponja multiusos,ASEO,1500,300,unidad,,2,TRUE
PRD_BOD_004_0182,BOD_004,Crema lavaplatos 500ml,ASEO,6200,140,unidad,,6,TRUE
PRD_BOD_004_0183,BOD_004,Bolsa basura (paq 10),ASEO,4200,180,paquete,,5,TRUE
PRD_BOD_004_0184,BOD_004,Ambientador spray,ASEO,9000,80,unidad,,9,TRUE
PRD_BOD_004_0185,BOD_004,Papel higiénico x4,ASEO,7500,160,paquete,,7,TRUE
PRD_BOD_004_0186,BOD_004,Jabón líquido 500ml,ASEO,9800,90,unidad,,10,TRUE
PRD_BOD_004_0187,BOD_004,Detergente en polvo 1kg,ASEO,12000,150,unidad,,12,TRUE
PRD_BOD_004_0188,BOD_004,Jabón Rey 300g,ASEO,2800,500,unidad,,3,TRUE
PRD_BOD_004_0189,BOD_004,Cloro 1L,ASEO,3500,240,unidad,,4,TRUE
PRD_BOD_004_0190,BOD_004,Desinfectante 1L,ASEO,7800,120,unidad,,8,TRUE
PRD_BOD_004_0191,BOD_004,Esponja multiusos,ASEO,1500,300,unidad,,2,TRUE
PRD_BOD_004_0192,BOD_004,Crema lavaplatos 500ml,ASEO,6200,140,unidad,,6,TRUE
PRD_BOD_004_0193,BOD_004,Bolsa basura (paq 10),ASEO,4200,180,paquete,,5,TRUE
PRD_BOD_004_0194,BOD_004,Ambientador spray,ASEO,9000,80,unidad,,9,TRUE
PRD_BOD_004_0195,BOD_004,Papel higiénico x4,ASEO,7500,160,paquete,,7,TRUE
PRD_BOD_005_0196,BOD_005,Detergente en polvo 1kg,ASEO,12000,150,unidad,,12,TRUE
PRD_BOD_005_0197,BOD_005,Jabón Rey 300g,ASEO,2800,500,unidad,,3,TRUE
PRD_BOD_005_0198,BOD_005,Cloro 1L,ASEO,3500,240,unidad,,4,TRUE
PRD_BOD_005_0199,BOD_005,Desinfectante 1L,ASEO,7800,120,unidad,,8,TRUE
PRD_BOD_005_0200,BOD_005,Esponja multiusos,ASEO,1500,300,unidad,,2,TRUE
PRD_BOD_005_0201,BOD_005,Crema lavaplatos 500ml,ASEO,6200,140,unidad,,6,TRUE
PRD_BOD_005_0202,BOD_005,Bolsa basura (paq 10),ASEO,4200,180,paquete,,5,TRUE
PRD_BOD_005_0203,BOD_005,Ambientador spray,ASEO,9000,80,unidad,,9,TRUE
PRD_BOD_005_0204,BOD_005,Papel higiénico x4,ASEO,7500,160,paquete,,7,TRUE
PRD_BOD_005_0205,BOD_005,Jabón líquido 500ml,ASEO,9800,90,unidad,,10,TRUE
PRD_BOD_005_0206,BOD_005,Detergente en polvo 1kg,ASEO,12000,150,unidad,,12,TRUE
PRD_BOD_005_0207,BOD_005,Jabón Rey 300g,ASEO,2800,500,unidad,,3,TRUE
PRD_BOD_005_0208,BOD_005,Cloro 1L,ASEO,3500,240,unidad,,4,TRUE
PRD_BOD_005_0209,BOD_005,Desinfectante 1L,ASEO,7800,120,unidad,,8,TRUE
PRD_BOD_005_0210,BOD_005,Esponja multiusos,ASEO,1500,300,unidad,,2,TRUE
PRD_BOD_005_0211,BOD_005,Crema lavaplatos 500ml,ASEO,6200,140,unidad,,6,TRUE
PRD_BOD_005_0212,BOD_005,Bolsa basura (paq 10),ASEO,4200,180,paquete,,5,TRUE
PRD_BOD_005_0213,BOD_005,Ambientador spray,ASEO,9000,80,unidad,,9,TRUE
PRD_BOD_005_0214,BOD_005,Papel higiénico x4,ASEO,7500,160,paquete,,7,TRUE
PRD_BOD_005_0215,BOD_005,Jabón líquido 500ml,ASEO,9800,90,unidad,,10,TRUE
PRD_BOD_005_0216,BOD_005,Detergente en polvo 1kg,ASEO,12000,150,unidad,,12,TRUE
PRD_BOD_005_0217,BOD_005,Jabón Rey 300g,ASEO,2800,500,unidad,,3,TRUE
PRD_BOD_005_0218,BOD_005,Cloro 1L,ASEO,3500,240,unidad,,4,TRUE
PRD_BOD_005_0219,BOD_005,Desinfectante 1L,ASEO,7800,120,unidad,,8,TRUE
PRD_BOD_005_0220,BOD_005,Esponja multiusos,ASEO,1500,300,unidad,,2,TRUE
PRD_BOD_005_0221,BOD_005,Crema lavaplatos 500ml,ASEO,6200,140,unidad,,6,TRUE
PRD_BOD_005_0222,BOD_005,Bolsa basura (paq 10),ASEO,4200,180,paquete,,5,TRUE
PRD_BOD_005_0223,BOD_005,Ambientador spray,ASEO,9000,80,unidad,,9,TRUE
PRD_BOD_005_0224,BOD_005,Papel higiénico x4,ASEO,7500,160,paquete,,7,TRUE
PRD_BOD_005_0225,BOD_005,Jabón líquido 500ml,ASEO,9800,90,unidad,,10,TRUE
PRD_BOD_005_0226,BOD_005,Detergente en polvo 1kg,ASEO,12000,150,unidad,,12,TRUE
PRD_BOD_005_0227,BOD_005,Jabón Rey 300g,ASEO,2800,500,unidad,,3,TRUE
PRD_BOD_005_0228,BOD_005,Cloro 1L,ASEO,3500,240,unidad,,4,TRUE
PRD_BOD_005_0229,BOD_005,Desinfectante 1L,ASEO,7800,120,unidad,,8,TRUE
PRD_BOD_005_0230,BOD_005,Esponja multiusos,ASEO,1500,300,unidad,,2,TRUE
PRD_BOD_005_0231,BOD_005,Crema lavaplatos 500ml,ASEO,6200,140,unidad,,6,TRUE
PRD_BOD_005_0232,BOD_005,Bolsa basura (paq 10),ASEO,4200,180,paquete,,5,TRUE
PRD_BOD_005_0233,BOD_005,Ambientador spray,ASEO,9000,80,unidad,,9,TRUE
PRD_BOD_005_0234,BOD_005,Papel higiénico x4,ASEO,7500,160,paquete,,7,TRUE
PRD_BOD_005_0235,BOD_005,Jabón líquido 500ml,ASEO,9800,90,unidad,,10,TRUE
PRD_BOD_005_0236,BOD_005,Detergente en polvo 1kg,ASEO,12000,150,unidad,,12,TRUE
PRD_BOD_005_0237,BOD_005,Jabón Rey 300g,ASEO,2800,500,unidad,,3,TRUE
PRD_BOD_005_0238,BOD_005,Cloro 1L,ASEO,3500,240,unidad,,4,TRUE
PRD_BOD_005_0239,BOD_005,Desinfectante 1L,ASEO,7800,120,unidad,,8,TRUE
PRD_BOD_005_0240,BOD_005,Esponja multiusos,ASEO,1500,300,unidad,,2,TRUE
PRD_BOD_005_0241,BOD_005,Crema lavaplatos 500ml,ASEO,6200,140,unidad,,6,TRUE
PRD_BOD_005_0242,BOD_005,Bolsa basura (paq 10),ASEO,4200,180,paquete,,5,TRUE
PRD_BOD_005_0243,BOD_005,Ambientador spray,ASEO,9000,80,unidad,,9,TRUE
PRD_BOD_005_0244,BOD_005,Papel higiénico x4,ASEO,7500,160,paquete,,7,TRUE
PRD_BOD_005_0245,BOD_005,Detergente en polvo 1kg,ASEO,12000,150,unidad,,12,TRUE
PRD_BOD_005_0246,BOD_005,Jabón Rey 300g,ASEO,2800,500,unidad,,3,TRUE
PRD_BOD_006_0247,BOD_006,Cloro 1L,ASEO,3500,240,unidad,,4,TRUE
PRD_BOD_006_0248,BOD_006,Desinfectante 1L,ASEO,7800,120,unidad,,8,TRUE
PRD_BOD_006_0249,BOD_006,Esponja multiusos,ASEO,1500,300,unidad,,2,TRUE
PRD_BOD_006_0250,BOD_006,Crema lavaplatos 500ml,ASEO,6200,140,unidad,,6,TRUE
PRD_BOD_006_0251,BOD_006,Bolsa basura (paq 10),ASEO,4200,180,paquete,,5,TRUE
PRD_BOD_006_0252,BOD_006,Ambientador spray,ASEO,9000,80,unidad,,9,TRUE
PRD_BOD_006_0253,BOD_006,Papel higiénico x4,ASEO,7500,160,paquete,,7,TRUE
PRD_BOD_006_0254,BOD_006,Jabón líquido 500ml,ASEO,9800,90,unidad,,10,TRUE
PRD_BOD_006_0255,BOD_006,Detergente en polvo 1kg,ASEO,12000,150,unidad,,12,TRUE
PRD_BOD_006_0256,BOD_006,Jabón Rey 300g,ASEO,2800,500,unidad,,3,TRUE
PRD_BOD_006_0257,BOD_006,Cloro 1L,ASEO,3500,240,unidad,,4,TRUE
PRD_BOD_006_0258,BOD_006,Desinfectante 1L,ASEO,7800,120,unidad,,8,TRUE
PRD_BOD_006_0259,BOD_006,Esponja multiusos,ASEO,1500,300,unidad,,2,TRUE
PRD_BOD_006_0260,BOD_006,Crema lavaplatos 500ml,ASEO,6200,140,unidad,,6,TRUE
PRD_BOD_006_0261,BOD_006,Bolsa basura (paq 10),ASEO,4200,180,paquete,,5,TRUE
PRD_BOD_006_0262,BOD_006,Ambientador spray,ASEO,9000,80,unidad,,9,TRUE
PRD_BOD_006_0263,BOD_006,Papel higiénico x4,ASEO,7500,160,paquete,,7,TRUE
PRD_BOD_006_0264,BOD_006,Jabón líquido 500ml,ASEO,9800,90,unidad,,10,TRUE
PRD_BOD_006_0265,BOD_006,Detergente en polvo 1kg,ASEO,12000,150,unidad,,12,TRUE
PRD_BOD_006_0266,BOD_006,Jabón Rey 300g,ASEO,2800,500,unidad,,3,TRUE
PRD_BOD_006_0267,BOD_006,Cloro 1L,ASEO,3500,240,unidad,,4,TRUE
PRD_BOD_006_0268,BOD_006,Desinfectante 1L,ASEO,7800,120,unidad,,8,TRUE
PRD_BOD_006_0269,BOD_006,Esponja multiusos,ASEO,1500,300,unidad,,2,TRUE
PRD_BOD_006_0270,BOD_006,Crema lavaplatos 500ml,ASEO,6200,140,unidad,,6,TRUE
PRD_BOD_006_0271,BOD_006,Bolsa basura (paq 10),ASEO,4200,180,paquete,,5,TRUE
PRD_BOD_006_0272,BOD_006,Ambientador spray,ASEO,9000,80,unidad,,9,TRUE
PRD_BOD_006_0273,BOD_006,Papel higiénico x4,ASEO,7500,160,paquete,,7,TRUE
PRD_BOD_006_0274,BOD_006,Jabón líquido 500ml,ASEO,9800,90,unidad,,10,TRUE
PRD_BOD_006_0275,BOD_006,Detergente en polvo 1kg,ASEO,12000,150,unidad,,12,TRUE
PRD_BOD_006_0276,BOD_006,Jabón Rey 300g,ASEO,2800,500,unidad,,3,TRUE
PRD_BOD_006_0277,BOD_006,Cloro 1L,ASEO,3500,240,unidad,,4,TRUE
PRD_BOD_006_0278,BOD_006,Desinfectante 1L,ASEO,7800,120,unidad,,8,TRUE
PRD_BOD_006_0279,BOD_006,Esponja multiusos,ASEO,1500,300,unidad,,2,TRUE
PRD_BOD_006_0280,BOD_006,Crema lavaplatos 500ml,ASEO,6200,140,unidad,,6,TRUE
PRD_BOD_006_0281,BOD_006,Bolsa basura (paq 10),ASEO,4200,180,paquete,,5,TRUE
PRD_BOD_006_0282,BOD_006,Ambientador spray,ASEO,9000,80,unidad,,9,TRUE
PRD_BOD_006_0283,BOD_006,Papel higiénico x4,ASEO,7500,160,paquete,,7,TRUE
PRD_BOD_006_0284,BOD_006,Jabón líquido 500ml,ASEO,9800,90,unidad,,10,TRUE
PRD_BOD_006_0285,BOD_006,Detergente en polvo 1kg,ASEO,12000,150,unidad,,12,TRUE
PRD_BOD_006_0286,BOD_006,Jabón Rey 300g,ASEO,2800,500,unidad,,3,TRUE
PRD_BOD_006_0287,BOD_006,Cloro 1L,ASEO,3500,240,unidad,,4,TRUE
PRD_BOD_006_0288,BOD_006,Desinfectante 1L,ASEO,7800,120,unidad,,8,TRUE
PRD_BOD_006_0289,BOD_006,Esponja multiusos,ASEO,1500,300,unidad,,2,TRUE
PRD_BOD_006_0290,BOD_006,Crema lavaplatos 500ml,ASEO,6200,140,unidad,,6,TRUE
PRD_BOD_006_0291,BOD_006,Bolsa basura (paq 10),ASEO,4200,180,paquete,,5,TRUE
PRD_BOD_006_0292,BOD_006,Ambientador spray,ASEO,9000,80,unidad,,9,TRUE
PRD_BOD_006_0293,BOD_006,Papel higiénico x4,ASEO,7500,160,paquete,,7,TRUE
PRD_BOD_006_0294,BOD_006,Detergente en polvo 1kg,ASEO,12000,150,unidad,,12,TRUE
PRD_BOD_006_0295,BOD_006,Jabón Rey 300g,ASEO,2800,500,unidad,,3,TRUE
PRD_BOD_006_0296,BOD_006,Cloro 1L,ASEO,3500,240,unidad,,4,TRUE
PRD_BOD_006_0297,BOD_006,Desinfectante 1L,ASEO,7800,120,unidad,,8,TRUE
PRD_BOD_006_0298,BOD_006,Esponja multiusos,ASEO,1500,300,unidad,,2,TRUE
PRD_BOD_007_0299,BOD_007,Crema lavaplatos 500ml,ASEO,6200,140,unidad,,6,TRUE
PRD_BOD_007_0300,BOD_007,Bolsa basura (paq 10),ASEO,4200,180,paquete,,5,TRUE
PRD_BOD_007_0301,BOD_007,Ambientador spray,ASEO,9000,80,unidad,,9,TRUE
PRD_BOD_007_0302,BOD_007,Papel higiénico x4,ASEO,7500,160,paquete,,7,TRUE
PRD_BOD_007_0303,BOD_007,Jabón líquido 500ml,ASEO,9800,90,unidad,,10,TRUE
PRD_BOD_007_0304,BOD_007,Detergente en polvo 1kg,ASEO,12000,150,unidad,,12,TRUE
PRD_BOD_007_0305,BOD_007,Jabón Rey 300g,ASEO,2800,500,unidad,,3,TRUE
PRD_BOD_007_0306,BOD_007,Cloro 1L,ASEO,3500,240,unidad,,4,TRUE
PRD_BOD_007_0307,BOD_007,Desinfectante 1L,ASEO,7800,120,unidad,,8,TRUE
PRD_BOD_007_0308,BOD_007,Esponja multiusos,ASEO,1500,300,unidad,,2,TRUE
PRD_BOD_007_0309,BOD_007,Crema lavaplatos 500ml,ASEO,6200,140,unidad,,6,TRUE
PRD_BOD_007_0310,BOD_007,Bolsa basura (paq 10),ASEO,4200,180,paquete,,5,TRUE
PRD_BOD_007_0311,BOD_007,Ambientador spray,ASEO,9000,80,unidad,,9,TRUE
PRD_BOD_007_0312,BOD_007,Papel higiénico x4,ASEO,7500,160,paquete,,7,TRUE
PRD_BOD_007_0313,BOD_007,Jabón líquido 500ml,ASEO,9800,90,unidad,,10,TRUE
PRD_BOD_007_0314,BOD_007,Detergente en polvo 1kg,ASEO,12000,150,unidad,,12,TRUE
PRD_BOD_007_0315,BOD_007,Jabón Rey 300g,ASEO,2800,500,unidad,,3,TRUE
PRD_BOD_007_0316,BOD_007,Cloro 1L,ASEO,3500,240,unidad,,4,TRUE
PRD_BOD_007_0317,BOD_007,Desinfectante 1L,ASEO,7800,120,unidad,,8,TRUE
PRD_BOD_007_0318,BOD_007,Esponja multiusos,ASEO,1500,300,unidad,,2,TRUE
PRD_BOD_007_0319,BOD_007,Crema lavaplatos 500ml,ASEO,6200,140,unidad,,6,TRUE
PRD_BOD_007_0320,BOD_007,Bolsa basura (paq 10),ASEO,4200,180,paquete,,5,TRUE
PRD_BOD_007_0321,BOD_007,Ambientador spray,ASEO,9000,80,unidad,,9,TRUE
PRD_BOD_007_0322,BOD_007,Papel higiénico x4,ASEO,7500,160,paquete,,7,TRUE
PRD_BOD_007_0323,BOD_007,Jabón líquido 500ml,ASEO,9800,90,unidad,,10,TRUE
PRD_BOD_007_0324,BOD_007,Detergente en polvo 1kg,ASEO,12000,150,unidad,,12,TRUE
PRD_BOD_007_0325,BOD_007,Jabón Rey 300g,ASEO,2800,500,unidad,,3,TRUE
PRD_BOD_007_0326,BOD_007,Cloro 1L,ASEO,3500,240,unidad,,4,TRUE
PRD_BOD_007_0327,BOD_007,Desinfectante 1L,ASEO,7800,120,unidad,,8,TRUE
PRD_BOD_007_0328,BOD_007,Esponja multiusos,ASEO,1500,300,unidad,,2,TRUE
PRD_BOD_007_0329,BOD_007,Crema lavaplatos 500ml,ASEO,6200,140,unidad,,6,TRUE
PRD_BOD_007_0330,BOD_007,Bolsa basura (paq 10),ASEO,4200,180,paquete,,5,TRUE
PRD_BOD_007_0331,BOD_007,Ambientador spray,ASEO,9000,80,unidad,,9,TRUE
PRD_BOD_007_0332,BOD_007,Papel higiénico x4,ASEO,7500,160,paquete,,7,TRUE
PRD_BOD_007_0333,BOD_007,Jabón líquido 500ml,ASEO,9800,90,unidad,,10,TRUE
PRD_BOD_007_0334,BOD_007,Detergente en polvo 1kg,ASEO,12000,150,unidad,,12,TRUE
PRD_BOD_007_0335,BOD_007,Jabón Rey 300g,ASEO,2800,500,unidad,,3,TRUE
PRD_BOD_007_0336,BOD_007,Cloro 1L,ASEO,3500,240,unidad,,4,TRUE
PRD_BOD_007_0337,BOD_007,Desinfectante 1L,ASEO,7800,120,unidad,,8,TRUE
PRD_BOD_007_0338,BOD_007,Esponja multiusos,ASEO,1500,300,unidad,,2,TRUE
PRD_BOD_007_0339,BOD_007,Crema lavaplatos 500ml,ASEO,6200,140,unidad,,6,TRUE
PRD_BOD_007_0340,BOD_007,Bolsa basura (paq 10),ASEO,4200,180,paquete,,5,TRUE
PRD_BOD_007_0341,BOD_007,Ambientador spray,ASEO,9000,80,unidad,,9,TRUE
PRD_BOD_007_0342,BOD_007,Papel higiénico x4,ASEO,7500,160,paquete,,7,TRUE
PRD_BOD_007_0343,BOD_007,Detergente en polvo 1kg,ASEO,12000,150,unidad,,12,TRUE
PRD_BOD_007_0344,BOD_007,Jabón Rey 300g,ASEO,2800,500,unidad,,3,TRUE
PRD_BOD_007_0345,BOD_007,Cloro 1L,ASEO,3500,240,unidad,,4,TRUE
PRD_BOD_007_0346,BOD_007,Desinfectante 1L,ASEO,7800,120,unidad,,8,TRUE
PRD_BOD_007_0347,BOD_007,Esponja multiusos,ASEO,1500,300,unidad,,2,TRUE
PRD_BOD_007_0348,BOD_007,Crema lavaplatos 500ml,ASEO,6200,140,unidad,,6,TRUE
PRD_BOD_008_0349,BOD_008,Bolsa basura (paq 10),ASEO,4200,180,paquete,,5,TRUE
PRD_BOD_008_0350,BOD_008,Ambientador spray,ASEO,9000,80,unidad,,9,TRUE
PRD_BOD_008_0351,BOD_008,Papel higiénico x4,ASEO,7500,160,paquete,,7,TRUE
PRD_BOD_008_0352,BOD_008,Jabón líquido 500ml,ASEO,9800,90,unidad,,10,TRUE
PRD_BOD_008_0353,BOD_008,Detergente en polvo 1kg,ASEO,12000,150,unidad,,12,TRUE
PRD_BOD_008_0354,BOD_008,Jabón Rey 300g,ASEO,2800,500,unidad,,3,TRUE
PRD_BOD_008_0355,BOD_008,Cloro 1L,ASEO,3500,240,unidad,,4,TRUE
PRD_BOD_008_0356,BOD_008,Desinfectante 1L,ASEO,7800,120,unidad,,8,TRUE
PRD_BOD_008_0357,BOD_008,Esponja multiusos,ASEO,1500,300,unidad,,2,TRUE
PRD_BOD_008_0358,BOD_008,Crema lavaplatos 500ml,ASEO,6200,140,unidad,,6,TRUE
PRD_BOD_008_0359,BOD_008,Bolsa basura (paq 10),ASEO,4200,180,paquete,,5,TRUE
PRD_BOD_008_0360,BOD_008,Ambientador spray,ASEO,9000,80,unidad,,9,TRUE
PRD_BOD_008_0361,BOD_008,Papel higiénico x4,ASEO,7500,160,paquete,,7,TRUE
PRD_BOD_008_0362,BOD_008,Jabón líquido 500ml,ASEO,9800,90,unidad,,10,TRUE
PRD_BOD_008_0363,BOD_008,Detergente en polvo 1kg,ASEO,12000,150,unidad,,12,TRUE
PRD_BOD_008_0364,BOD_008,Jabón Rey 300g,ASEO,2800,500,unidad,,3,TRUE
PRD_BOD_008_0365,BOD_008,Cloro 1L,ASEO,3500,240,unidad,,4,TRUE
PRD_BOD_008_0366,BOD_008,Desinfectante 1L,ASEO,7800,120,unidad,,8,TRUE
PRD_BOD_008_0367,BOD_008,Esponja multiusos,ASEO,1500,300,unidad,,2,TRUE
PRD_BOD_008_0368,BOD_008,Crema lavaplatos 500ml,ASEO,6200,140,unidad,,6,TRUE
PRD_BOD_008_0369,BOD_008,Bolsa basura (paq 10),ASEO,4200,180,paquete,,5,TRUE
PRD_BOD_008_0370,BOD_008,Ambientador spray,ASEO,9000,80,unidad,,9,TRUE
PRD_BOD_008_0371,BOD_008,Papel higiénico x4,ASEO,7500,160,paquete,,7,TRUE
PRD_BOD_008_0372,BOD_008,Jabón líquido 500ml,ASEO,9800,90,unidad,,10,TRUE
PRD_BOD_008_0373,BOD_008,Detergente en polvo 1kg,ASEO,12000,150,unidad,,12,TRUE
PRD_BOD_008_0374,BOD_008,Jabón Rey 300g,ASEO,2800,500,unidad,,3,TRUE
PRD_BOD_008_0375,BOD_008,Cloro 1L,ASEO,3500,240,unidad,,4,TRUE
PRD_BOD_008_0376,BOD_008,Desinfectante 1L,ASEO,7800,120,unidad,,8,TRUE
PRD_BOD_008_0377,BOD_008,Esponja multiusos,ASEO,1500,300,unidad,,2,TRUE
PRD_BOD_008_0378,BOD_008,Crema lavaplatos 500ml,ASEO,6200,140,unidad,,6,TRUE
PRD_BOD_008_0379,BOD_008,Bolsa basura (paq 10),ASEO,4200,180,paquete,,5,TRUE
PRD_BOD_008_0380,BOD_008,Ambientador spray,ASEO,9000,80,unidad,,9,TRUE
PRD_BOD_008_0381,BOD_008,Papel higiénico x4,ASEO,7500,160,paquete,,7,TRUE
PRD_BOD_008_0382,BOD_008,Jabón líquido 500ml,ASEO,9800,90,unidad,,10,TRUE
PRD_BOD_008_0383,BOD_008,Detergente en polvo 1kg,ASEO,12000,150,unidad,,12,TRUE
PRD_BOD_008_0384,BOD_008,Jabón Rey 300g,ASEO,2800,500,unidad,,3,TRUE
PRD_BOD_008_0385,BOD_008,Cloro 1L,ASEO,3500,240,unidad,,4,TRUE
PRD_BOD_008_0386,BOD_008,Desinfectante 1L,ASEO,7800,120,unidad,,8,TRUE
PRD_BOD_008_0387,BOD_008,Esponja multiusos,ASEO,1500,300,unidad,,2,TRUE
PRD_BOD_008_0388,BOD_008,Crema lavaplatos 500ml,ASEO,6200,140,unidad,,6,TRUE
PRD_BOD_008_0389,BOD_008,Bolsa basura (paq 10),ASEO,4200,180,paquete,,5,TRUE
PRD_BOD_008_0390,BOD_008,Ambientador spray,ASEO,9000,80,unidad,,9,TRUE
PRD_BOD_008_0391,BOD_008,Papel higiénico x4,ASEO,7500,160,paquete,,7,TRUE
PRD_BOD_009_0392,BOD_009,Detergente en polvo 1kg,ASEO,12000,150,unidad,,12,TRUE
PRD_BOD_009_0393,BOD_009,Jabón Rey 300g,ASEO,2800,500,unidad,,3,TRUE
PRD_BOD_009_0394,BOD_009,Cloro 1L,ASEO,3500,240,unidad,,4,TRUE
PRD_BOD_009_0395,BOD_009,Desinfectante 1L,ASEO,7800,120,unidad,,8,TRUE
PRD_BOD_009_0396,BOD_009,Esponja multiusos,ASEO,1500,300,unidad,,2,TRUE
PRD_BOD_009_0397,BOD_009,Crema lavaplatos 500ml,ASEO,6200,140,unidad,,6,TRUE
PRD_BOD_009_0398,BOD_009,Bolsa basura (paq 10),ASEO,4200,180,paquete,,5,TRUE
PRD_BOD_009_0399,BOD_009,Ambientador spray,ASEO,9000,80,unidad,,9,TRUE
PRD_BOD_009_0400,BOD_009,Papel higiénico x4,ASEO,7500,160,paquete,,7,TRUE
PRD_BOD_009_0401,BOD_009,Jabón líquido 500ml,ASEO,9800,90,unidad,,10,TRUE
PRD_BOD_009_0402,BOD_009,Detergente en polvo 1kg,ASEO,12000,150,unidad,,12,TRUE
PRD_BOD_009_0403,BOD_009,Jabón Rey 300g,ASEO,2800,500,unidad,,3,TRUE
PRD_BOD_009_0404,BOD_009,Cloro 1L,ASEO,3500,240,unidad,,4,TRUE
PRD_BOD_009_0405,BOD_009,Desinfectante 1L,ASEO,7800,120,unidad,,8,TRUE
PRD_BOD_009_0406,BOD_009,Esponja multiusos,ASEO,1500,300,unidad,,2,TRUE
PRD_BOD_009_0407,BOD_009,Crema lavaplatos 500ml,ASEO,6200,140,unidad,,6,TRUE
PRD_BOD_009_0408,BOD_009,Bolsa basura (paq 10),ASEO,4200,180,paquete,,5,TRUE
PRD_BOD_009_0409,BOD_009,Ambientador spray,ASEO,9000,80,unidad,,9,TRUE
PRD_BOD_009_0410,BOD_009,Papel higiénico x4,ASEO,7500,160,paquete,,7,TRUE
PRD_BOD_009_0411,BOD_009,Jabón líquido 500ml,ASEO,9800,90,unidad,,10,TRUE
PRD_BOD_009_0412,BOD_009,Detergente en polvo 1kg,ASEO,12000,150,unidad,,12,TRUE
PRD_BOD_009_0413,BOD_009,Jabón Rey 300g,ASEO,2800,500,unidad,,3,TRUE
PRD_BOD_009_0414,BOD_009,Cloro 1L,ASEO,3500,240,unidad,,4,TRUE
PRD_BOD_009_0415,BOD_009,Desinfectante 1L,ASEO,7800,120,unidad,,8,TRUE
PRD_BOD_009_0416,BOD_009,Esponja multiusos,ASEO,1500,300,unidad,,2,TRUE
PRD_BOD_009_0417,BOD_009,Crema lavaplatos 500ml,ASEO,6200,140,unidad,,6,TRUE
PRD_BOD_009_0418,BOD_009,Bolsa basura (paq 10),ASEO,4200,180,paquete,,5,TRUE
PRD_BOD_009_0419,BOD_009,Ambientador spray,ASEO,9000,80,unidad,,9,TRUE
PRD_BOD_009_0420,BOD_009,Papel higiénico x4,ASEO,7500,160,paquete,,7,TRUE
PRD_BOD_009_0421,BOD_009,Jabón líquido 500ml,ASEO,9800,90,unidad,,10,TRUE
PRD_BOD_009_0422,BOD_009,Detergente en polvo 1kg,ASEO,12000,150,unidad,,12,TRUE
PRD_BOD_009_0423,BOD_009,Jabón Rey 300g,ASEO,2800,500,unidad,,3,TRUE
PRD_BOD_009_0424,BOD_009,Cloro 1L,ASEO,3500,240,unidad,,4,TRUE
PRD_BOD_009_0425,BOD_009,Desinfectante 1L,ASEO,7800,120,unidad,,8,TRUE
PRD_BOD_009_0426,BOD_009,Esponja multiusos,ASEO,1500,300,unidad,,2,TRUE
PRD_BOD_009_0427,BOD_009,Crema lavaplatos 500ml,ASEO,6200,140,unidad,,6,TRUE
PRD_BOD_009_0428,BOD_009,Bolsa basura (paq 10),ASEO,4200,180,paquete,,5,TRUE
PRD_BOD_009_0429,BOD_009,Ambientador spray,ASEO,9000,80,unidad,,9,TRUE
PRD_BOD_009_0430,BOD_009,Papel higiénico x4,ASEO,7500,160,paquete,,7,TRUE
PRD_BOD_009_0431,BOD_009,Jabón líquido 500ml,ASEO,9800,90,unidad,,10,TRUE
PRD_BOD_009_0432,BOD_009,Detergente en polvo 1kg,ASEO,12000,150,unidad,,12,TRUE
PRD_BOD_009_0433,BOD_009,Jabón Rey 300g,ASEO,2800,500,unidad,,3,TRUE
PRD_BOD_009_0434,BOD_009,Cloro 1L,ASEO,3500,240,unidad,,4,TRUE
PRD_BOD_009_0435,BOD_009,Desinfectante 1L,ASEO,7800,120,unidad,,8,TRUE
PRD_BOD_009_0436,BOD_009,Esponja multiusos,ASEO,1500,300,unidad,,2,TRUE
PRD_BOD_009_0437,BOD_009,Crema lavaplatos 500ml,ASEO,6200,140,unidad,,6,TRUE
PRD_BOD_009_0438,BOD_009,Bolsa basura (paq 10),ASEO,4200,180,paquete,,5,TRUE
PRD_BOD_009_0439,BOD_009,Ambientador spray,ASEO,9000,80,unidad,,9,TRUE
PRD_BOD_009_0440,BOD_009,Papel higiénico x4,ASEO,7500,160,paquete,,7,TRUE
PRD_BOD_009_0441,BOD_009,Detergente en polvo 1kg,ASEO,12000,150,unidad,,12,TRUE
PRD_BOD_009_0442,BOD_009,Jabón Rey 300g,ASEO,2800,500,unidad,,3,TRUE
PRD_BOD_009_0443,BOD_009,Cloro 1L,ASEO,3500,240,unidad,,4,TRUE
PRD_BOD_009_0444,BOD_009,Desinfectante 1L,ASEO,7800,120,unidad,,8,TRUE
PRD_BOD_009_0445,BOD_009,Esponja multiusos,ASEO,1500,300,unidad,,2,TRUE
PRD_BOD_009_0446,BOD_009,Crema lavaplatos 500ml,ASEO,6200,140,unidad,,6,TRUE
PRD_BOD_009_0447,BOD_009,Bolsa basura (paq 10),ASEO,4200,180,paquete,,5,TRUE
PRD_BOD_010_0448,BOD_010,Ambientador spray,ASEO,9000,80,unidad,,9,TRUE
PRD_BOD_010_0449,BOD_010,Papel higiénico x4,ASEO,7500,160,paquete,,7,TRUE
PRD_BOD_010_0450,BOD_010,Jabón líquido 500ml,ASEO,9800,90,unidad,,10,TRUE
PRD_BOD_010_0451,BOD_010,Detergente en polvo 1kg,ASEO,12000,150,unidad,,12,TRUE
PRD_BOD_010_0452,BOD_010,Jabón Rey 300g,ASEO,2800,500,unidad,,3,TRUE
PRD_BOD_010_0453,BOD_010,Cloro 1L,ASEO,3500,240,unidad,,4,TRUE
PRD_BOD_010_0454,BOD_010,Desinfectante 1L,ASEO,7800,120,unidad,,8,TRUE
PRD_BOD_010_0455,BOD_010,Esponja multiusos,ASEO,1500,300,unidad,,2,TRUE
PRD_BOD_010_0456,BOD_010,Crema lavaplatos 500ml,ASEO,6200,140,unidad,,6,TRUE
PRD_BOD_010_0457,BOD_010,Bolsa basura (paq 10),ASEO,4200,180,paquete,,5,TRUE
PRD_BOD_010_0458,BOD_010,Ambientador spray,ASEO,9000,80,unidad,,9,TRUE
PRD_BOD_010_0459,BOD_010,Papel higiénico x4,ASEO,7500,160,paquete,,7,TRUE
PRD_BOD_010_0460,BOD_010,Jabón líquido 500ml,ASEO,9800,90,unidad,,10,TRUE
PRD_BOD_010_0461,BOD_010,Detergente en polvo 1kg,ASEO,12000,150,unidad,,12,TRUE
PRD_BOD_010_0462,BOD_010,Jabón Rey 300g,ASEO,2800,500,unidad,,3,TRUE
PRD_BOD_010_0463,BOD_010,Cloro 1L,ASEO,3500,240,unidad,,4,TRUE
PRD_BOD_010_0464,BOD_010,Desinfectante 1L,ASEO,7800,120,unidad,,8,TRUE
PRD_BOD_010_0465,BOD_010,Esponja multiusos,ASEO,1500,300,unidad,,2,TRUE
PRD_BOD_010_0466,BOD_010,Crema lavaplatos 500ml,ASEO,6200,140,unidad,,6,TRUE
PRD_BOD_010_0467,BOD_010,Bolsa basura (paq 10),ASEO,4200,180,paquete,,5,TRUE
PRD_BOD_010_0468,BOD_010,Ambientador spray,ASEO,9000,80,unidad,,9,TRUE
PRD_BOD_010_0469,BOD_010,Papel higiénico x4,ASEO,7500,160,paquete,,7,TRUE
PRD_BOD_010_0470,BOD_010,Jabón líquido 500ml,ASEO,9800,90,unidad,,10,TRUE
PRD_BOD_010_0471,BOD_010,Detergente en polvo 1kg,ASEO,12000,150,unidad,,12,TRUE
PRD_BOD_010_0472,BOD_010,Jabón Rey 300g,ASEO,2800,500,unidad,,3,TRUE
PRD_BOD_010_0473,BOD_010,Cloro 1L,ASEO,3500,240,unidad,,4,TRUE
PRD_BOD_010_0474,BOD_010,Desinfectante 1L,ASEO,7800,120,unidad,,8,TRUE
PRD_BOD_010_0475,BOD_010,Esponja multiusos,ASEO,1500,300,unidad,,2,TRUE
PRD_BOD_010_0476,BOD_010,Crema lavaplatos 500ml,ASEO,6200,140,unidad,,6,TRUE
PRD_BOD_010_0477,BOD_010,Bolsa basura (paq 10),ASEO,4200,180,paquete,,5,TRUE
PRD_BOD_010_0478,BOD_010,Ambientador spray,ASEO,9000,80,unidad,,9,TRUE
PRD_BOD_010_0479,BOD_010,Papel higiénico x4,ASEO,7500,160,paquete,,7,TRUE
PRD_BOD_010_0480,BOD_010,Jabón líquido 500ml,ASEO,9800,90,unidad,,10,TRUE
PRD_BOD_010_0481,BOD_010,Detergente en polvo 1kg,ASEO,12000,150,unidad,,12,TRUE
PRD_BOD_010_0482,BOD_010,Jabón Rey 300g,ASEO,2800,500,unidad,,3,TRUE
PRD_BOD_010_0483,BOD_010,Cloro 1L,ASEO,3500,240,unidad,,4,TRUE
PRD_BOD_010_0484,BOD_010,Desinfectante 1L,ASEO,7800,120,unidad,,8,TRUE
PRD_BOD_010_0485,BOD_010,Esponja multiusos,ASEO,1500,300,unidad,,2,TRUE
PRD_BOD_010_0486,BOD_010,Crema lavaplatos 500ml,ASEO,6200,140,unidad,,6,TRUE
PRD_BOD_010_0487,BOD_010,Bolsa basura (paq 10),ASEO,4200,180,paquete,,5,TRUE
PRD_BOD_010_0488,BOD_010,Ambientador spray,ASEO,9000,80,unidad,,9,TRUE
PRD_BOD_010_0489,BOD_010,Papel higiénico x4,ASEO,7500,160,paquete,,7,TRUE
PRD_BOD_010_0490,BOD_010,Detergente en polvo 1kg,ASEO,12000,150,unidad,,12,TRUE
PRD_BOD_010_0491,BOD_010,Jabón Rey 300g,ASEO,2800,500,unidad,,3,TRUE